{
  "model": "gemma_4_31b",
  "tasks": [
    "gsm8k",
    "bbh_date",
    "mmlu_pro"
  ],
  "entanglement": {
    "stat_matrix": [
      [
        0.0,
        -0.003869591683659193,
        0.022505845103849682,
        0.03449610973419768,
        0.05428105294475325,
        0.0007566878602809791
      ],
      [
        -0.003869591683659193,
        0.0,
        0.010350601002933184,
        0.06839400923995953,
        0.06230052298761425,
        -0.0041761548073904866
      ],
      [
        0.022505845103849682,
        0.010350601002933184,
        0.0,
        -0.0020267735497448217,
        0.021672879301228958,
        0.03160813911871394
      ],
      [
        0.03449610973419768,
        0.06839400923995953,
        -0.0020267735497448217,
        0.0,
        0.021715442906374616,
        -0.0019600643661320753
      ],
      [
        0.05428105294475325,
        0.06230052298761425,
        0.021672879301228958,
        0.021715442906374616,
        0.0,
        0.07893219807927494
      ],
      [
        0.0007566878602809791,
        -0.0041761548073904866,
        0.03160813911871394,
        -0.0019600643661320753,
        0.07893219807927494,
        0.0
      ]
    ],
    "pval_matrix": [
      [
        1.0,
        0.4665889246208921,
        0.06879843946599913,
        0.02565580776779287,
        0.026428232166514482,
        0.40528933608366186
      ],
      [
        0.4665889246208921,
        1.0,
        0.1611815906590754,
        0.010064415154287198,
        0.0019482685928851856,
        0.44296969882286885
      ],
      [
        0.06879843946599913,
        0.1611815906590754,
        1.0,
        0.9200136448180634,
        0.8304399926291914,
        0.024185434772050783
      ],
      [
        0.02565580776779287,
        0.010064415154287198,
        0.9200136448180634,
        1.0,
        0.6865006643710592,
        0.42617768323166316
      ],
      [
        0.026428232166514482,
        0.0019482685928851856,
        0.8304399926291914,
        0.6865006643710592,
        1.0,
        0.010542332842036362
      ],
      [
        0.40528933608366186,
        0.44296969882286885,
        0.024185434772050783,
        0.42617768323166316,
        0.010542332842036362,
        1.0
      ]
    ],
    "pval_adj_matrix": [
      [
        1.0,
        0.029224028893277784,
        0.029224028893277784,
        0.029224028893277784,
        0.029224028893277784,
        0.029224028893277784
      ],
      [
        0.029224028893277784,
        1.0,
        0.029224028893277784,
        0.05271166421018181,
        0.05271166421018181,
        0.05271166421018181
      ],
      [
        0.029224028893277784,
        0.029224028893277784,
        1.0,
        0.05271166421018181,
        0.0660705804162862,
        0.0660705804162862
      ],
      [
        0.029224028893277784,
        0.05271166421018181,
        0.05271166421018181,
        1.0,
        0.07696742330337861,
        0.07696742330337861
      ],
      [
        0.029224028893277784,
        0.05271166421018181,
        0.0660705804162862,
        0.07696742330337861,
        1.0,
        0.07696742330337861
      ],
      [
        0.029224028893277784,
        0.05271166421018181,
        0.0660705804162862,
        0.07696742330337861,
        0.07696742330337861,
        1.0
      ]
    ],
    "n_significant": 6
  },
  "screening": {
    "gsm8k": {
      "pb_design": [
        [
          -1,
          -1,
          1,
          -1,
          1,
          1
        ],
        [
          1,
          -1,
          -1,
          -1,
          -1,
          1
        ],
        [
          -1,
          1,
          -1,
          -1,
          1,
          -1
        ],
        [
          1,
          1,
          1,
          -1,
          -1,
          -1
        ],
        [
          -1,
          -1,
          1,
          1,
          -1,
          -1
        ],
        [
          1,
          -1,
          -1,
          1,
          1,
          -1
        ],
        [
          -1,
          1,
          -1,
          1,
          -1,
          1
        ],
        [
          1,
          1,
          1,
          1,
          1,
          1
        ]
      ],
      "loo_design": [
        [
          1,
          1,
          1,
          1,
          1,
          1
        ],
        [
          -1,
          1,
          1,
          1,
          1,
          1
        ],
        [
          1,
          -1,
          1,
          1,
          1,
          1
        ],
        [
          1,
          1,
          -1,
          1,
          1,
          1
        ],
        [
          1,
          1,
          1,
          -1,
          1,
          1
        ],
        [
          1,
          1,
          1,
          1,
          -1,
          1
        ],
        [
          1,
          1,
          1,
          1,
          1,
          -1
        ]
      ],
      "pb_results": [],
      "loo_results": [],
      "pb_accuracies": [
        0.905,
        0.885,
        0.925,
        0.9,
        0.91,
        0.89,
        0.835,
        0.92
      ],
      "loo_accuracies": [
        0.92,
        0.915,
        0.91,
        0.895,
        0.9,
        0.885,
        0.905
      ]
    },
    "bbh_date": {
      "pb_design": [
        [
          -1,
          -1,
          1,
          -1,
          1,
          1
        ],
        [
          1,
          -1,
          -1,
          -1,
          -1,
          1
        ],
        [
          -1,
          1,
          -1,
          -1,
          1,
          -1
        ],
        [
          1,
          1,
          1,
          -1,
          -1,
          -1
        ],
        [
          -1,
          -1,
          1,
          1,
          -1,
          -1
        ],
        [
          1,
          -1,
          -1,
          1,
          1,
          -1
        ],
        [
          -1,
          1,
          -1,
          1,
          -1,
          1
        ],
        [
          1,
          1,
          1,
          1,
          1,
          1
        ]
      ],
      "loo_design": [
        [
          1,
          1,
          1,
          1,
          1,
          1
        ],
        [
          -1,
          1,
          1,
          1,
          1,
          1
        ],
        [
          1,
          -1,
          1,
          1,
          1,
          1
        ],
        [
          1,
          1,
          -1,
          1,
          1,
          1
        ],
        [
          1,
          1,
          1,
          -1,
          1,
          1
        ],
        [
          1,
          1,
          1,
          1,
          -1,
          1
        ],
        [
          1,
          1,
          1,
          1,
          1,
          -1
        ]
      ],
      "pb_results": [],
      "loo_results": [],
      "pb_accuracies": [
        0.855,
        0.825,
        0.795,
        0.775,
        0.835,
        0.84,
        0.675,
        0.85
      ],
      "loo_accuracies": [
        0.85,
        0.835,
        0.86,
        0.795,
        0.825,
        0.84,
        0.835
      ]
    },