{
  "model": "deepseek_v4_pro",
  "tasks": [
    "gsm8k",
    "bbh_date",
    "mmlu_pro"
  ],
  "entanglement": {
    "stat_matrix": [
      [
        0.0,
        0.009089802395156674,
        0.015031716054791493,
        0.059424057127334146,
        -0.00016438082711125145,
        0.004790875056641325
      ],
      [
        0.009089802395156674,
        0.0,
        0.016145955734749258,
        0.038788736901566215,
        0.0002366368543234177,
        0.016290477009689358
      ],
      [
        0.015031716054791493,
        0.016145955734749258,
        0.0,
        0.05159541597058857,
        -0.004680996600760368,
        0.005515256316081678
      ],
      [
        0.059424057127334146,
        0.038788736901566215,
        0.05159541597058857,
        0.0,
        0.018801261693032686,
        -0.00408551732545054
      ],
      [
        -0.00016438082711125145,
        0.0002366368543234177,
        -0.004680996600760368,
        0.018801261693032686,
        0.0,
        0.035377053940129626
      ],
      [
        0.004790875056641325,
        0.016290477009689358,
        0.005515256316081678,
        -0.00408551732545054,
        0.035377053940129626,
        0.0
      ]
    ],
    "pval_matrix": [
      [
        1.0,
        0.41649350827510134,
        0.8046451475622634,
        0.009588482356967427,
        0.6879815477451119,
        0.11101122687001347
      ],
      [
        0.41649350827510134,
        1.0,
        0.46255858162277413,
        0.0024319329801201234,
        0.11945122667140054,
        0.11675665643178404
      ],
      [
        0.8046451475622634,
        0.46255858162277413,
        1.0,
        0.01156099998984748,
        0.546572202347165,
        0.0920945659025908
      ],
      [
        0.009588482356967427,
        0.0024319329801201234,
        0.01156099998984748,
        1.0,
        0.30323048798568586,
        0.6334890816927163
      ],
      [
        0.6879815477451119,
        0.11945122667140054,
        0.546572202347165,
        0.30323048798568586,
        1.0,
        0.011244107845395979
      ],
      [
        0.11101122687001347,
        0.11675665643178404,
        0.0920945659025908,
        0.6334890816927163,
        0.011244107845395979,
        1.0
      ]
    ],
    "pval_adj_matrix": [
      [
        1.0,
        0.03647899470180185,
        0.03647899470180185,
        0.03647899470180185,
        0.03647899470180185,
        0.03647899470180185
      ],
      [
        0.03647899470180185,
        1.0,
        0.03647899470180185,
        0.03647899470180185,
        0.03647899470180185,
        0.03647899470180185
      ],
      [
        0.03647899470180185,
        0.03647899470180185,
        1.0,
        0.0719136176772557,
        0.0719136176772557,
        0.0719136176772557
      ],
      [
        0.03647899470180185,
        0.03647899470180185,
        0.0719136176772557,
        1.0,
        0.0719136176772557,
        0.0719136176772557
      ],
      [
        0.03647899470180185,
        0.03647899470180185,
        0.0719136176772557,
        0.0719136176772557,
        1.0,
        0.0719136176772557
      ],
      [
        0.03647899470180185,
        0.03647899470180185,
        0.0719136176772557,
        0.0719136176772557,
        0.0719136176772557,
        1.0
      ]
    ],
    "n_significant": 9
  },
  "screening": {
    "gsm8k": {
      "pb_design": [
        [
          -1,
          -1,
          1,
          -1,
          1,
          1
        ],
        [
          1,
          -1,
          -1,
          -1,
          -1,
          1
        ],
        [
          -1,
          1,
          -1,
          -1,
          1,
          -1
        ],
        [
          1,
          1,
          1,
          -1,
          -1,
          -1
        ],
        [
          -1,
          -1,
          1,
          1,
          -1,
          -1
        ],
        [
          1,
          -1,
          -1,
          1,
          1,
          -1
        ],
        [
          -1,
          1,
          -1,
          1,
          -1,
          1
        ],
        [
          1,
          1,
          1,
          1,
          1,
          1
        ]
      ],
      "loo_design": [
        [
          1,
          1,
          1,
          1,
          1,
          1
        ],
        [
          -1,
          1,
          1,
          1,
          1,
          1
        ],
        [
          1,
          -1,
          1,
          1,
          1,
          1
        ],
        [
          1,
          1,
          -1,
          1,
          1,
          1
        ],
        [
          1,
          1,
          1,
          -1,
          1,
          1
        ],
        [
          1,
          1,
          1,
          1,
          -1,
          1
        ],
        [
          1,
          1,
          1,
          1,
          1,
          -1
        ]
      ],
      "pb_results": [],
      "loo_results": [],
      "pb_accuracies": [
        0.94,
        0.925,
        0.955,
        0.935,
        0.945,
        0.93,
        0.865,
        0.95
      ],
      "loo_accuracies": [
        0.95,
        0.945,
        0.94,
        0.935,
        0.93,
        0.92,
        0.94
      ]
    },
    "bbh_date": {
      "pb_design": [
        [
          -1,
          -1,
          1,
          -1,
          1,
          1
        ],
        [
          1,
          -1,
          -1,
          -1,
          -1,
          1
        ],
        [
          -1,
          1,
          -1,
          -1,
          1,
          -1
        ],
        [
          1,
          1,
          1,
          -1,
          -1,
          -1
        ],
        [
          -1,
          -1,
          1,
          1,
          -1,
          -1
        ],
        [
          1,
          -1,
          -1,
          1,
          1,
          -1
        ],
        [
          -1,
          1,
          -1,
          1,
          -1,
          1
        ],
        [
          1,
          1,
          1,
          1,
          1,
          1
        ]
      ],
      "loo_design": [
        [
          1,
          1,
          1,
          1,
          1,
          1
        ],
        [
          -1,
          1,
          1,
          1,
          1,
          1
        ],
        [
          1,
          -1,
          1,
          1,
          1,
          1
        ],
        [
          1,
          1,
          -1,
          1,
          1,
          1
        ],
        [
          1,
          1,
          1,
          -1,
          1,
          1
        ],
        [
          1,
          1,
          1,
          1,
          -1,
          1
        ],
        [
          1,
          1,
          1,
          1,
          1,
          -1
        ]
      ],
      "pb_results": [],
      "loo_results": [],
      "pb_accuracies": [
        0.89,
        0.865,
        0.845,
        0.815,
        0.875,
        0.87,
        0.715,
        0.885
      ],
      "loo_accuracies": [
        0.885,
        0.87,
        0.9,
        0.83,
        0.86,
        0.875,
        0.87
      ]
    },