{
  "task": "gsm8k",
  "model": "gpt4o_mini",
  "n_examples": 200,
  "factorial_accuracies": [
    0.93,
    0.925,
    0.69,
    0.755,
    0.95,
    0.925,
    0.9,
    0.91,
    0.915,
    0.865,
    0.645,
    0.735,
    0.935,
    0.925,
    0.9,
    0.925,
    0.95,
    0.935,
    0.935,
    0.94,
    0.935,
    0.925,
    0.94,
    0.925,
    0.95,
    0.945,
    0.94,
    0.95,
    0.945,
    0.925,
    0.93,
    0.94,
    0.915,
    0.895,
    0.725,
    0.75,
    0.925,
    0.945,
    0.825,
    0.84,
    0.86,
    0.84,
    0.805,
    0.855,
    0.925,
    0.92,
    0.865,
    0.91,
    0.94,
    0.93,
    0.93,
    0.93,
    0.925,
    0.93,
    0.945,
    0.925,
    0.95,
    0.95,
    0.945,
    0.95,
    0.925,
    0.93,
    0.94,
    0.925
  ],
  "true_effects": [
    0.004375000000000018,
    -0.04875000000000007,
    0.03937500000000016,
    0.003750000000000142,
    0.07343749999999993,
    -0.002187499999999898
  ],
  "pb_effects": [
    0.018749999999999933,
    -0.03124999999999989,
    0.028750000000000053,
    -0.013749999999999929,
    0.04625000000000001,
    -0.04375000000000007
  ],
  "pearson_r": 0.8281922433664443,
  "spearman_r": 0.942857142857143,
  "mae": 0.021458333333333395,
  "rmse": 0.02379997483367023,
  "rank_agreement": "1/6",
  "interactions": {
    "system_role__x__persona": 0.014687499999999964,
    "system_role__x__few_shot": -0.0034374999999999822,
    "system_role__x__cot_trigger": 0.0028125000000001066,
    "system_role__x__output_format": -0.008750000000000036,
    "system_role__x__constraints": 0.0006249999999998757,
    "persona__x__few_shot": 0.02718749999999992,
    "persona__x__cot_trigger": 0.014687500000000075,
    "persona__x__output_format": 0.04874999999999996,
    "persona__x__constraints": 0.008750000000000036,
    "few_shot__x__cot_trigger": 0.002187500000000009,
    "few_shot__x__output_format": -0.04937499999999995,
    "few_shot__x__constraints": -0.012499999999999956,
    "cot_trigger__x__output_format": 0.0024999999999999467,
    "cot_trigger__x__constraints": 0.009999999999999898,
    "output_format__x__constraints": -0.00031250000000015987
  }
}