{
  "gsm8k": {
    "gpt4o_mini": {
      "pb_effects": [
        0.018749999999999933,
        -0.03124999999999989,
        0.028750000000000053,
        -0.013749999999999929,
        0.04625000000000001,
        -0.04375000000000007
      ],
      "pb_ci_low": [
        0.01869714999706563,
        -0.03183526046373197,
        0.027979026867992522,
        -0.014112303712348668,
        0.04545292176095348,
        -0.044243447740438195
      ],
      "pb_ci_high": [
        0.019511250000000004,
        -0.030931828500650595,
        0.029012722129431952,
        -0.013281630571945547,
        0.04648290831561715,
        -0.043221152154475584
      ],
      "pb_pvalues_adjusted": [
        0.0,
        0.0,
        0.0,
        0.0,
        0.0,
        0.0
      ],
      "loo_effects": [
        -0.014999999999999902,
        -0.0050000000000000044,
        -0.02499999999999991,
        0.0,
        0.015000000000000013,
        -0.014999999999999902
      ],
      "comparison_spearman_r": 0.46381682852195877,
      "comparison_spearman_p": 0.3541642984362303,
      "disagreements": [
        {
          "component": "system_role",
          "pb_rank": 5,
          "loo_rank": 3,
          "pb_effect": 0.018749999999999933,
          "loo_effect": -0.014999999999999902
        },
        {
          "component": "persona",
          "pb_rank": 3,
          "loo_rank": 5,
          "pb_effect": -0.03124999999999989,
          "loo_effect": -0.0050000000000000044
        },
        {
          "component": "few_shot",
          "pb_rank": 4,
          "loo_rank": 1,
          "pb_effect": 0.028750000000000053,
          "loo_effect": -0.02499999999999991
        },
        {
          "component": "constraints",
          "pb_rank": 2,
          "loo_rank": 3,
          "pb_effect": -0.04375000000000007,
          "loo_effect": -0.014999999999999902
        }
      ]
    }
  },
  "bbh_date": {
    "gpt4o_mini": {
      "pb_effects": [
        0.09750000000000003,
        -0.09250000000000003,
        0.15499999999999992,
        -0.06999999999999995,
        0.09250000000000014,
        -0.0824999999999999
      ],
      "pb_ci_low": [
        0.09676093109550213,
        -0.09295582873776946,
        0.1539767258556605,
        -0.07067445028595254,
        0.09174469196633779,
        -0.08337222571440109
      ],
      "pb_ci_high": [
        0.09795791957212863,
        -0.09176244835671107,
        0.15542811833351905,
        -0.0694013684888323,
        0.09317445341142502,
        -0.08187403744011022
      ],
      "pb_pvalues_adjusted": [
        0.0,
        0.0,
        0.0,
        0.0,
        0.0,
        0.0
      ],
      "loo_effects": [
        0.0050000000000000044,
        -0.0050000000000000044,
        0.050000000000000044,
        0.015000000000000013,
        0.020000000000000018,
        -0.020000000000000018
      ],
      "comparison_spearman_r": 0.26482044885142486,
      "comparison_spearman_p": 0.6120552385657049,
      "disagreements": [
        {
          "component": "system_role",
          "pb_rank": 2,
          "loo_rank": 5,
          "pb_effect": 0.09750000000000003,
          "loo_effect": 0.0050000000000000044
        },
        {
          "component": "persona",
          "pb_rank": 4,
          "loo_rank": 5,
          "pb_effect": -0.09250000000000003,
          "loo_effect": -0.0050000000000000044
        },
        {
          "component": "cot_trigger",
          "pb_rank": 6,
          "loo_rank": 4,
          "pb_effect": -0.06999999999999995,
          "loo_effect": 0.015000000000000013
        },
        {
          "component": "constraints",
          "pb_rank": 5,
          "loo_rank": 2,
          "pb_effect": -0.0824999999999999,
          "loo_effect": -0.020000000000000018
        }
      ]
    }
  },
  "mmlu_pro": {
    "gpt4o_mini": {
      "pb_effects": [
        0.007499999999999951,
        -0.07499999999999996,
        0.03249999999999997,
        0.010000000000000009,
        0.0774999999999999,
        0.040000000000000036
      ],
      "pb_ci_low": [
        0.006818918847063919,
        -0.0753864122832934,
        0.031529606968529675,
        0.009438842249643989,
        0.07686029208028307,
        0.03911487296494396
      ],
      "pb_ci_high": [
        0.007887105364915764,
        -0.07406142242534222,
        0.032921704677484585,
        0.010525439343631895,
        0.07810276670840473,
        0.040366194307897875
      ],
      "pb_pvalues_adjusted": [
        0.0,
        0.0,
        0.0,
        0.0,
        0.0,
        0.01
      ],
      "loo_effects": [
        0.020000000000000018,
        0.0,
        0.06999999999999995,
        0.010000000000000009,
        0.07499999999999996,
        0.03499999999999992
      ],
      "comparison_spearman_r": 0.3142857142857143,
      "comparison_spearman_p": 0.5440932944606414,
      "disagreements": [
        {
          "component": "system_role",
          "pb_rank": 6,
          "loo_rank": 4,
          "pb_effect": 0.007499999999999951,
          "loo_effect": 0.020000000000000018
        },
        {
          "component": "persona",
          "pb_rank": 2,
          "loo_rank": 6,
          "pb_effect": -0.07499999999999996,
          "loo_effect": 0.0
        },
        {
          "component": "few_shot",
          "pb_rank": 4,
          "loo_rank": 2,
          "pb_effect": 0.03249999999999997,
          "loo_effect": 0.06999999999999995
        }
      ]
    }
  }
}