{
  "component_keys": [
    "system_role",
    "persona",
    "few_shot",
    "cot_trigger",
    "output_format",
    "constraints"
  ],
  "hsic_statistics": [
    [
      0.0,
      0.6548003034551043,
      0.015487626439729021,
      0.14025823294903653,
      0.4438991345906075,
      0.39220059335910845
    ],
    [
      0.6548003034551043,
      0.0,
      -0.0031769295056303525,
      0.02940364662756129,
      0.18432945389185562,
      0.08896082243547788
    ],
    [
      0.015487626439729021,
      -0.0031769295056303525,
      0.0,
      0.051537505667015336,
      0.18939372905978955,
      0.08696404125992266
    ],
    [
      0.14025823294903653,
      0.02940364662756129,
      0.051537505667015336,
      0.0,
      0.20411982594985878,
      0.10056635888001589
    ],
    [
      0.4438991345906075,
      0.18432945389185562,
      0.18939372905978955,
      0.20411982594985878,
      0.0,
      0.09065961601733427
    ],
    [
      0.39220059335910845,
      0.08896082243547788,
      0.08696404125992266,
      0.10056635888001589,
      0.09065961601733427,
      0.0
    ]
  ],
  "p_values": [
    [
      1.0,
      3.534563148669969e-16,
      0.11038067165833769,
      0.00010605007527778287,
      1.61463769729169e-11,
      2.2690636753099833e-10
    ],
    [
      3.534563148669969e-16,
      1.0,
      0.4087934302394499,
      0.0471405576664446,
      1.0419408609395082e-05,
      0.0016563101345835078
    ],
    [
      0.11038067165833769,
      0.4087934302394499,
      1.0,
      0.013113371957250469,
      7.99370307300775e-06,
      0.001846289485587794
    ],
    [
      0.00010605007527778287,
      0.0471405576664446,
      0.013113371957250469,
      1.0,
      3.704487604182283e-06,
      0.0008837033988339684
    ],
    [
      1.61463769729169e-11,
      1.0419408609395082e-05,
      7.99370307300775e-06,
      3.704487604182283e-06,
      1.0,
      0.0015103371669014224
    ],
    [
      2.2690636753099833e-10,
      0.0016563101345835078,
      0.001846289485587794,
      0.0008837033988339684,
      0.0015103371669014224,
      1.0
    ]
  ],
  "significant_pairs": [
    {
      "pair": [
        "system_role",
        "persona"
      ],
      "statistic": 0.6548003034551043,
      "p_value": 3.534563148669969e-16
    },
    {
      "pair": [
        "system_role",
        "cot_trigger"
      ],
      "statistic": 0.14025823294903653,
      "p_value": 0.00010605007527778287
    },
    {
      "pair": [
        "system_role",
        "output_format"
      ],
      "statistic": 0.4438991345906075,
      "p_value": 1.61463769729169e-11
    },
    {
      "pair": [
        "system_role",
        "constraints"
      ],
      "statistic": 0.39220059335910845,
      "p_value": 2.2690636753099833e-10
    },
    {
      "pair": [
        "persona",
        "cot_trigger"
      ],
      "statistic": 0.02940364662756129,
      "p_value": 0.0471405576664446
    },
    {
      "pair": [
        "persona",
        "output_format"
      ],
      "statistic": 0.18432945389185562,
      "p_value": 1.0419408609395082e-05
    },
    {
      "pair": [
        "persona",
        "constraints"
      ],
      "statistic": 0.08896082243547788,
      "p_value": 0.0016563101345835078
    },
    {
      "pair": [
        "few_shot",
        "cot_trigger"
      ],
      "statistic": 0.051537505667015336,
      "p_value": 0.013113371957250469
    },
    {
      "pair": [
        "few_shot",
        "output_format"
      ],
      "statistic": 0.18939372905978955,
      "p_value": 7.99370307300775e-06
    },
    {
      "pair": [
        "few_shot",
        "constraints"
      ],
      "statistic": 0.08696404125992266,
      "p_value": 0.001846289485587794
    },
    {
      "pair": [
        "cot_trigger",
        "output_format"
      ],
      "statistic": 0.20411982594985878,
      "p_value": 3.704487604182283e-06
    },
    {
      "pair": [
        "cot_trigger",
        "constraints"
      ],
      "statistic": 0.10056635888001589,
      "p_value": 0.0008837033988339684
    },
    {
      "pair": [
        "output_format",
        "constraints"
      ],
      "statistic": 0.09065961601733427,
      "p_value": 0.0015103371669014224
    }
  ]
}